time,ax,ay,az,gx,gy,gz
0.0,0.0273556609699502,-0.0354775560945272,0.0186900874227285,0.0100341904908418,-0.0040551451966166,-0.0286951530724763
0.009963623046874925,0.0407559348888695,-0.0280536897040903,0.0037947161078453,0.0174305886030197,-0.0032868231646716,-0.0198076516389846
0.01992871093750015,0.0557062877940014,-0.0149203596256673,-0.0311912570774555,0.0198838375508785,-0.0113121643662452,-0.0122741162776947
0.029892822265625174,0.0613515636719763,-0.0088563834115862,-0.0235439571946859,0.0195517428219318,-0.012825371697545,-0.0071275569498538
0.039857666015624904,0.0585939720595255,-0.0086294427879154,0.0203273332357406,0.0194915030151605,-0.0121136801317334,-0.0030699791386723
0.04982153320312488,0.0419827367374673,-0.0591324263177812,0.056524435776472,0.0215770248323678,-0.0027372224722057,0.0011487337760627
0.0597866210937501,0.0445212422391399,-0.0762349522881209,0.061435004171729,0.0329801999032497,-0.0018368475139141,0.0039020015392452
0.06975073242187513,0.029790961825475,-0.0579766804113984,0.0101040453851223,0.0404298603534698,-0.0062752719968557,0.0085401628166437
0.07971582031249991,0.0674834174904972,-0.0633778088025748,0.0001233341187238,0.0485200174152851,-0.01056919246912,0.0133520020171999
0.08967993164062493,0.103751356777735,-0.0414376335427165,-0.0322679463982582,0.0558378472924232,-0.0227856449782848,0.017276968806982
0.0996447753906251,0.1096928756559267,-0.0826338595449924,-0.0368237100064754,0.0575106851756572,-0.0295809470117092,0.0187650956213474
0.10960864257812508,0.122016350656189,-0.0543047139003872,0.0329226109147071,0.0612329877912998,-0.0231912247836589,0.0209070760756731
0.11957373046874986,0.1194199774874374,-0.0358913975924253,0.076174308142066,0.0565306916832923,-0.0221978537738323,0.0190889127552509
0.1295378417968749,0.099758853075467,-0.0403374172158539,0.122767717012763,0.0508669465780258,-0.0147937349975109,0.0154267996549606
0.13950268554687506,0.0665687137983739,-0.0465321802027523,0.171386494231224,0.042239923030138,-0.0040581589564681,0.0100654857233166
0.14946679687500009,0.0298573415925726,-0.0204208567380905,0.1855868690192699,0.0450367741286754,0.009122091345489,0.0047753830440342
0.15943188476562486,-0.0005329378329217,0.0302463774427771,0.0878296746224164,0.0447171255946159,0.0057684164494276,0.004797653760761
0.16939575195312484,-0.0016430544992908,0.0535590100996196,-0.0063134209305047,0.0453831851482391,-0.0045145815238356,0.0028383661992847
0.17936083984375006,0.0149860818056389,0.0634847763083875,-0.0517787025541067,0.0434759892523288,-0.012139924801886,-5.78132458031e-05
0.18932470703125004,0.0186591808278113,0.0661935968756675,-0.0401660061717033,0.0403177477419376,-0.020300917327404,-0.0036584064364433
0.1992895507812502,-0.021201522254385,0.0396773458719253,0.0067179100781679,0.0305049084126949,-0.0237557608634233,-0.0066011673770844
0.2092536621093748,-0.0437735656769946,-0.0224785199202597,0.068242346099019,0.0134753249585628,-0.0245517790317535,-0.0121589172631502
0.21921899414062507,-0.0650578708440065,-0.0583880376912653,0.1302887601673603,-0.0004249359481036,-0.0100451577454805,-0.0252693966031074
0.22918286132812504,-0.1144148626765236,-0.005726414822787,0.1579261241555213,-0.0081987027078866,4.10322099924e-05,-0.0297629497945308
0.23914770507812477,-0.1267436349064111,0.0719246878735721,0.1547568464696407,-0.0061539909802377,0.0038323085755109,-0.038745854049921
0.2491118164062498,-0.1300719756115227,0.1371118841856718,0.1047743796825408,-0.0143301617354154,0.0090102925896644,-0.0409016832709312
0.259076904296875,-0.0709972708303481,0.1390526429899037,0.0178764329522848,-0.0139199309051036,0.0123604089021682,-0.0402447655797004
0.26904052734374995,0.0181838914662599,0.1205992869324982,-0.0554915855973958,-0.0205543972551822,0.0070782951079308,-0.0455021113157272
0.2790058593749998,0.0646700040375813,0.0601781359784305,-0.0817652600169181,-0.0229926779866218,-0.0045007327571511,-0.0426098108291626
0.2889699707031248,0.0654625791873782,-0.0530984068505465,-0.024466917258501,-0.0251743383705616,-0.0110470494255423,-0.0413623824715614
0.298934814453125,0.0306396876093,-0.1652371778212487,0.0990612627327442,-0.0336013734340667,-0.0023444779217243,-0.0339566282927989
0.30889868164062495,-0.0124689844181761,-0.2407682196237146,0.1925806734293699,-0.0407727323472499,0.0124323368072509,-0.0314750932157039
0.3188637695312502,-0.0681303370919078,-0.1993368696913123,0.2172662018746137,-0.0489404983818531,0.020574290305376,-0.0259203799068927
0.32882763671875015,-0.0407648488476872,-0.127944096737355,0.1798065320521593,-0.0618211440742015,0.030574195086956,-0.0244596377015113
0.33879272460937493,-0.0168522775363177,-0.0583702097736299,0.1253027884483337,-0.0691663026809692,0.033269390463829,-0.0224465224891901
0.34875781250000015,-0.0224352653004229,-0.0063454235039651,0.064476856085658,-0.0771661698818206,0.0312128961086273,-0.0194850880652666
0.35872241210937483,-0.0344802886854857,-0.005719838951528,0.0316968685120344,-0.0750542879104614,0.0283409431576728,-0.0134024284780025
0.36868652343749986,-0.0672234513800591,0.0239895090050995,-0.0113742114514112,-0.0680967718362808,0.0269015058875083,-0.0034888107329607
0.3786516113281251,-0.077985156956315,0.0303011763699352,-0.0646031128138303,-0.0560547523200511,0.0182833019644022,0.0090084187686443
0.38861547851562506,-0.0826241418685764,0.0350434024609625,-0.0935994901955127,-0.0453706830739975,0.0103180538862943,0.0189334861934185
0.3985808105468749,-0.0615390125354751,0.0163799107842147,-0.104848613962531,-0.0307073779404163,0.0040425173938274,0.022566782310605
0.40854467773437486,-0.0663931745683774,-0.0094933661408722,-0.0876297681361436,-0.0253371112048625,-0.0057081142440438,0.0185515340417623
0.41850952148437504,-0.0762696582753211,-0.0465273578971624,-0.0370879139006137,-0.0218589194118976,-0.0053543206304311,0.0156893488019704
0.42847363281250006,-0.0704076343741267,-0.0723623486384749,0.0158791216552257,-0.0159491002559661,-0.0022922179196029,0.012375577352941
0.43843872070312484,-0.091895133963041,-0.0713658849470317,0.0279553438961505,-0.0193486735224723,0.008802555501461,0.0043369270861148
0.4484023437500002,-0.0810509742677211,-0.0516324259512126,0.0351174906104803,-0.0231529995799064,0.0189918112009763,0.0008074394427239
0.45836767578125004,-0.0615075214186683,-0.0338876565545797,0.0530465305328369,-0.019824530929327,0.0269331503659486,-0.0050260857678949
0.46833178710937506,-0.0462383848879486,-0.0162970548063516,0.032359716334939,-0.0098997289314866,0.0292383823543787,-0.003867610823363
0.4782966308593748,-0.0278377453984692,0.0130295774430036,-0.0631020606011152,-0.0015879473648965,0.0117766894400119,-0.0055689746513962
0.4882604980468752,0.0197194670030847,0.0262162451438605,-0.1455892051517963,0.0058920728042721,-0.0109161064028739,-0.0083176232874393
0.4982255859375,0.0495403855754062,0.0194200091324746,-0.1186947684854269,0.0090966522693634,-0.0286698583513498,-0.0155798755586147
0.508189697265625,0.0559704551555216,0.0015871230609714,-0.0111129301667213,0.0063235023990273,-0.0287135336548089,-0.0231850650161504
0.5181545410156252,0.0207550571285188,-0.033971973837167,0.1014396823018789,0.0022593773901462,-0.0196058750152587,-0.0323437452316284
0.5281184082031252,-0.0298270195195451,-0.0510657319791615,0.1225064357280731,-0.0080483872443437,-0.0181102454662323,-0.033771201968193
0.53808349609375,-0.0234126954978331,-0.0804166218869388,0.0970300491660833,-0.0171376690268516,-0.0211397800594568,-0.039916880428791
0.548047607421875,-0.0602322407858446,-0.0590071925029158,0.1109966151982545,-0.0277884490787982,-0.0240327734500169,-0.0456043295562267
0.5580126953125002,-0.087373089961335,-0.0735631027303636,0.1181271977305412,-0.041486095637083,-0.0298018623143434,-0.0488843396306037
0.5679765625000002,-0.1139572551021352,-0.1060389927908778,0.0950122796028852,-0.0438318103551864,-0.0303067993372678,-0.0512942373752594
0.5779414062499999,-0.1310533878643065,-0.1067998941607773,0.0599777911007404,-0.0466376021504402,-0.0328172408044338,-0.0521571785211563
0.5879055175781249,-0.1263198930690064,-0.0942857188940048,0.0151040456295013,-0.0475816950201988,-0.0429010316729545,-0.0534552037715911
0.5978708496093752,-0.1036375576723366,-0.0441924852088093,-0.0049093993514776,-0.042016539722681,-0.0558687709271907,-0.050286017358303
0.6078344726562501,-0.0925412863794714,-0.0404797482959926,-0.0266506910383701,-0.0338566154241561,-0.0701150894165039,-0.0502394139766693
0.6177995605468749,-0.0668851958690211,-0.0715663759551942,-0.0325315657705068,-0.0314617976546287,-0.0868723019957542,-0.0484418645501136
0.6277636718749999,-0.065643415647,-0.0942151378758251,0.0198614692896604,-0.0360733270645141,-0.0923871770501136,-0.051085852086544
0.6377285156250001,-0.0896850201655179,-0.0800948425866663,0.1013268695771694,-0.0424698702991008,-0.0891556814312934,-0.0589877665042877
0.6476923828125001,-0.0899179886711761,-0.0622710166044533,0.1742015516519546,-0.0488816946744918,-0.0750920549035072,-0.0659900158643722
0.6576574707031249,-0.097385182746686,-0.0482398609034717,0.18888766413033,-0.0522609278559684,-0.0599360540509223,-0.0716983303427696
0.6676225585937501,-0.0633659357016906,-0.0382784388594329,0.1702455075025558,-0.0571379736065864,-0.0486269369721412,-0.0825081020593643
0.6775866699218751,-0.0920675679204985,0.0276595758199691,0.1075496896147727,-0.052332729101181,-0.0409094542264938,-0.0900174230337143
0.6875517578124999,-0.0996142935056239,0.0343704716354608,-0.0155903678417205,-0.0442210063338279,-0.0424178689718246,-0.0862301439046859
0.6975153808593748,-0.0606399813365191,-0.0079749244019389,-0.1260720192551613,-0.0393999889492988,-0.0591714605689048,-0.0824356600642204
0.70748046875,-0.0526874148968607,-0.0333143867112696,-0.1602764866739511,-0.0323311612010002,-0.0721146911382675,-0.0780941769480705
0.7174445800781251,-0.0754680961014702,-0.053558133316785,-0.1460942320644855,-0.0225814767181873,-0.0768414139747619,-0.0650136098265647
0.7274094238281248,-0.0816482095085084,-0.0663799132280051,-0.1492594180971383,-0.0173909775912761,-0.083561897277832,-0.0479792281985282
0.7373735351562498,-0.0671245210502296,-0.0475002945825457,-0.1714823558211326,-0.0101630100980401,-0.0954784378409385,-0.0352896898984909
0.747338623046875,-0.0684613226119428,-0.0387329046286642,-0.1796843669772148,0.00782504491508,-0.1034551411867141,-0.0198611952364444
0.7573027343750001,-0.0456724946334958,-0.0519096354573965,-0.1766273174941539,0.0302118435502052,-0.1196532249450683,-0.0062315925024449
0.7672675781249998,-0.0279578281141817,-0.0982552070468664,-0.1998562173902988,0.04546669870615,-0.1417420208454132,0.0062085655517876
0.7772316894531248,-0.0482295039062388,-0.1461114754602313,-0.159265848326683,0.0647190809249877,-0.166397824883461,0.0152194108814001
0.787196533203125,-0.0447141344627365,-0.1692854302987456,-0.1020394017606973,0.0821159183979034,-0.1793575584888458,0.0233654882758855
0.797160400390625,-0.0781532617985271,-0.0907337255008518,-0.022139351093769,0.0905793756246566,-0.1845756024122238,0.0157297290861606
0.8071257324218748,-0.1171498771309852,-0.0087115681134164,0.0515834722429513,0.0837337225675582,-0.184408888220787,0.0147100035101175
0.8170898437499998,-0.1145201131492853,0.0577853956229984,0.1643652172923088,0.065366692841053,-0.1668473035097122,0.0029109043534845
0.827054443359375,-0.1285504651326686,0.0878740982860326,0.2912701802402734,0.0489296615123748,-0.1271883100271225,-0.0137245301157236
0.8370185546875,-0.0829505242787301,0.0527666906781494,0.3447919270694256,0.0451909080147743,-0.0905757024884224,-0.0321741327643394
0.8469836425781252,-0.0716743663743138,0.0479268494315445,0.2373737548798322,0.0474902801215648,-0.0776252821087837,-0.0555127449333667
0.8569475097656252,-0.0578082102430053,0.020038433291763,0.0629319647312164,0.0390771925449371,-0.0890573561191558,-0.0790989995002746
0.8669123535156249,-0.0543024854106828,0.0327002003356814,0.0260439573168754,0.0250551160424947,-0.1011712774634361,-0.1007646173238754
0.876876708984375,-0.0473014840748161,0.0716387105390429,0.0921323402523994,2.70092859864e-05,-0.0849653705954551,-0.1235185042023658
0.8868415527343751,-0.0821501128823496,0.0926471579067409,0.2178700129866599,-0.0259824879467487,-0.0486249364912509,-0.1503527909517288
0.8968056640624997,-0.1248454000696539,-0.0156055654108524,0.2650461901813745,-0.0439180210232734,0.0003495367709547,-0.1647714227437973
0.9067707519531254,-0.1204199117776006,-0.1352823306709528,0.1902168669074773,-0.0483098365366458,0.0418405197560787,-0.1825797110795974
0.9167346191406249,-0.1573962002635933,-0.1334073305793106,-0.0462578933060169,-0.0492518693208694,0.0495946332812309,-0.1853879243135452
0.9266994628906247,-0.1261332113904878,-0.094148210119456,-0.2353922256737947,-0.0533414185047149,0.0360679030418396,-0.1847338527441024
0.9366635742187501,-0.0935090902320109,-0.0327725349195301,-0.2275824287056922,-0.0533332750201225,0.0315730050206184,-0.1683681607246399
0.9466286621093749,-0.0401147691748104,-0.101965459741652,-0.1330266606986522,-0.0493137687444686,0.0457316972315311,-0.1450497806072235
0.9565925292968753,0.0212832639873959,-0.2407530220545828,-0.0289928702503442,-0.046661801636219,0.0815712660551071,-0.1233257502317428
0.9665576171875001,0.0626200675041414,-0.3237619985222816,0.0149456401973962,-0.0261064600199461,0.1110908091068267,-0.0862625539302825
0.9765224609374998,0.0951460437840782,-0.3584282382339239,-0.0798608877003192,0.0077365073375403,0.1061058118939399,-0.0490536503493785
0.9864865722656253,0.1095111441471613,-0.3570267008729278,-0.2687935600161552,0.0355289876461029,0.065169557929039,-0.0053197494708001
0.9964516601562496,0.0898506042570807,-0.3617215806908905,-0.2795353187829256,0.0556710660457611,0.0383118540048599,0.0366724207997322
1.0064155273437492,0.038368583094608,-0.2758019774734974,-0.0791086080282926,0.0745885670185089,0.0390407629311084,0.0731894224882125
1.0163806152343748,0.0074297846745699,-0.2223807684093713,0.1046048683345317,0.0859724208712577,0.0489247366786003,0.1046847328543663
1.0263447265624994,-0.0086130579086951,-0.1890638974800705,0.1038917516291141,0.0958255901932716,0.0423834808170795,0.1204546466469764
1.0363098144531242,-0.0240397596213035,-0.1096691659867763,0.0372866513431072,0.0980263128876686,0.0309324376285076,0.1304206550121307
1.0462734374999996,-0.0540340072002261,0.0509627099961042,0.0418576125204563,0.0851019918918609,0.0234753210097551,0.1291908025741577
1.0562385253906243,-0.1097059725995175,0.1907031891196966,0.1275578738987445,0.0746389776468277,0.0327550433576107,0.1178645715117454
1.0662026367187498,-0.1776522400951012,0.2844276208691298,0.2307628123074769,0.0626422390341758,0.051286119967699,0.1163180768489837
1.0761677246093746,-0.219156509133242,0.3489339953102171,0.2122995193779468,0.0560283213853836,0.0637726858258247,0.1001980081200599
1.0861315917968741,-0.2628718052843585,0.370048825661838,0.1108434704631566,0.0509595274925231,0.057890560477972,0.0890313684940338
1.0960966796874998,-0.2664702499014325,0.3026546208247542,0.0243342307895421,0.0406182780861854,0.0432740151882171,0.0781938135623931
1.1060605468749993,-0.2651343251225538,0.2202791199550032,0.0176338563680648,0.0276324395090341,0.039619356393814,0.055210206657648
1.116025634765624,-0.2796802802115679,0.1649830569297075,0.1012573114722967,0.0139127653092145,0.045393206179142,0.0231097228825092
1.1259895019531245,-0.3146759345406666,0.1115802603051066,0.1760930644869804,0.0031346860341727,0.0629660785198211,-0.0098689990118145
1.1359543457031243,-0.3033021066817455,0.0882217426799237,0.1529167715609073,-0.0078113204799592,0.0652696564793586,-0.0475177057087421
1.1459184570312497,-0.2281752617659978,0.0575023408979177,0.1105453642994165,-0.0100947143509984,0.0619670674204826,-0.0928574949502945
1.1558837890624996,-0.1795995930369012,0.0292892228484153,0.0680664050102233,-0.013213612139225,0.055453598499298,-0.13469198346138
1.1658486328124993,-0.1289326876495964,-0.0142414374507963,0.0368014981746673,-0.0091980975121259,0.0408179312944412,-0.1747698932886123
1.1758124999999997,-0.0913694661211222,-0.0338799116395413,0.0098965401142835,-0.0101573560386896,0.0286728255450725,-0.2089099436998367
1.1857775878906245,-0.0946626624476164,-0.0125024848289787,0.0318687179476022,-0.0142109533771872,0.0297250393778085,-0.2374768704175949
1.195741455078125,-0.0684328637024387,0.0018498656503856,0.0519897149562835,-0.0225415639579296,0.0240884292870759,-0.2523931562900543
1.2057067871093747,0.002671045840159,-0.0191837161585688,0.0074736968815326,-0.032352115958929,0.0116711752489209,-0.2587879598140716
1.2156706542968743,0.0711983463604003,-0.0670345777444541,-0.001057400098443,-0.0388813875615596,-0.0001958708744496,-0.2619975805282593
1.2256354980468749,0.1381910211918875,-0.1542991658300161,0.0285012873411178,-0.0401700921356678,-0.0013202575501054,-0.2578385174274444
1.2355996093749995,0.1648641067251563,-0.2066488001398742,0.0345113414108753,-0.035294584929943,-0.0054934229701757,-0.2620362341403961
1.2455646972656242,0.1126333495546132,-0.2075219297125935,-0.0134235451966524,-0.0294180512428283,-0.0198329482227563,-0.2538315653800964
1.2555285644531247,0.0807339076751843,-0.2426829672038555,-0.056386488610506,-0.0276686325669288,-0.0325480476021766,-0.2400416731834411
1.2654934082031244,0.0805876676049083,-0.2576531573206186,-0.0299848038971424,-0.0200242958962917,-0.0331853404641151,-0.2246853560209274
1.2754575195312499,0.0488311778601259,-0.2284098194405436,-0.0074146601706743,-0.0182198025286197,-0.0284974873065948,-0.2135250717401504
1.2854226074218746,0.0405683764275163,-0.2144189957499504,0.0103279172688722,-0.0170192494988441,-0.0215050913393497,-0.200685441493988
1.2953864746093742,0.0325255744211375,-0.1929834090113639,0.0546563038170337,-0.0173091031610965,-0.0049592163413763,-0.1833474934101104
1.3053515624999998,0.0445577383246272,-0.1778442920684814,0.0809293937146663,-0.010285816155374,0.0131457513198256,-0.1621383428573608
1.3153156738281244,0.0521874660180881,-0.148618489845097,0.018713468298316,-0.0025575193576514,0.0268105398863554,-0.140293538570404
1.3252805175781242,0.0925579452533274,-0.1481223768912255,-0.0680108754307031,0.0194021090865135,0.0248105060309171,-0.1117082312703132
1.3352456054687498,0.1460639465240761,-0.1369600546248257,-0.1494984875500202,0.0368165001273155,0.0159318558871746,-0.0905546769499778
1.3452097167968744,0.1711468402564525,-0.0999466672651469,-0.1850070233047008,0.0532114505767822,0.0077130747959017,-0.0739892870187759
1.35517431640625,0.1598198654802516,-0.0719439770959317,-0.1353220781594514,0.0714218914508819,0.0081757316365838,-0.0619522295892238
1.3651384277343745,0.1556350906088948,-0.0743552760213613,-0.0844581523627042,0.0894512310624122,0.0161457732319831,-0.0504766702651977
1.3751035156249993,0.1507816226957365,-0.0788959881909191,-0.0770598588049411,0.1145950853824615,0.0153754074126482,-0.0374889634549617
1.3850671386718747,0.1720436429657041,-0.1392442200392484,-0.1170148525744676,0.1349472254514694,0.0066602136939764,-0.0265859812498092
1.3950322265624995,0.1640314552932977,-0.1745131018191575,-0.0895814867258071,0.1457210481166839,-0.0017995839007198,-0.0224242582917213
1.404996337890625,0.1080277919879183,-0.1596780823893845,0.0023673136532306,0.1480257511138916,0.0002057761885225,-0.0184881053864955
1.4149614257812497,0.0750570310825482,-0.142311937046796,0.0767716895133256,0.1428456157445907,0.001947117736563,-0.0146736316382884
1.4249252929687493,0.0651147886630147,-0.15520575928092,0.0752338124215602,0.1369975805282592,0.01235475204885,-0.0089667430147528
1.434890380859375,0.0576389728896319,-0.1648999086908996,0.0969739350646734,0.1274570226669311,0.0142337391152977,-0.0049851927906274
1.4448544921874995,0.0566224162582308,-0.1598833957031369,0.0955576385259628,0.112673282623291,0.0174044985324144,0.0032647475600242
1.4548193359374992,0.0626163594434037,-0.1763182515449821,0.0612228227257728,0.1076944470405578,0.0184502806514501,0.0073845391161739
1.4647832031249997,0.0822924987614154,-0.1883826372176408,0.0168044198065996,0.1025249809026718,0.0099071264266967,0.0175562165677547
1.4747482910156244,0.1005998339442536,-0.1620293216906488,-0.0194955585867166,0.0916707068681716,-0.0070225233212113,0.0248195156455039
1.48471240234375,0.108705581651628,-0.1412840553037822,0.0058685997724533,0.0735393762588501,-0.0173590518534183,0.0294052138924598
1.4946774902343747,0.1131005652075633,-0.1401110660016536,0.0854278741776943,0.0550663657486438,-0.0164551753550767,0.0316832810640335
1.5046423339843744,0.0882648877019062,-0.1622802277117967,0.22385668618083,0.0351462922990322,-0.0069826627150177,0.0308576952666044
1.5146062011718748,0.0617798720866441,-0.2136427506804466,0.3122223673760891,0.0231426395475864,0.0126268249005079,0.0345101878046989
1.5245712890624996,0.0711509270220994,-0.2708158596239984,0.3061117755413055,0.0172072518616914,0.0297200586646795,0.0381717681884765
1.5345354003906242,0.0901126709930598,-0.2825606579534709,0.2466243983060121,0.0116732809692621,0.031455747783184,0.0461604073643684
1.5445004882812499,0.0718310547733679,-0.2121583573415875,0.2072738001704216,0.0071781300939619,0.0284226741641759,0.0470578894019126
1.5544643554687494,0.0740608961846679,-0.1565985288135707,0.1567617565512657,0.0057596913538873,0.0350725539028644,0.0585239566862583
1.5644291992187491,0.0765751805605366,-0.101136461571604,0.1043617072284221,0.0001894230954349,0.0282569900155067,0.0673640519380569
1.5743933105468746,0.0587068943820893,-0.0440795263536274,0.0868792420297861,-0.0113655989989638,0.0261779092252254,0.0754175931215286
1.5843583984374994,0.0479333887701854,-0.0379855933926999,0.094469843289256,-0.015197355300188,0.0376183129847049,0.0935582444071769
1.5943225097656248,0.0768181955361738,-0.0157449738815426,0.0967260977834463,-0.0182713493704795,0.0402381457388401,0.1158449351787567
1.6042873535156246,0.1241622766437008,-0.0422552335359156,0.0278758489191532,-0.0130997560918331,0.0268914494663476,0.1275900155305862
1.6142514648437492,0.096308055034466,-0.0879278742998838,-0.012336919003725,-0.0017770770937204,0.0206947065889835,0.1378131210803985
1.6242165527343748,0.0711929030003026,-0.1568976578906178,-0.0075502692490816,0.0076917926780879,0.0242942348122596,0.1601905822753906
1.6341804199218743,0.1017406745424494,-0.2062722219124436,-0.0143821610957384,0.0259704608470201,0.0252883993089199,0.1724624186754226
1.644145263671875,0.0476524529369547,-0.0997264486432075,-0.0843441705942153,0.0370119251310825,0.0135065745562314,0.1931905895471573
1.6541103515624997,0.0710560518128797,-0.0376519775241613,-0.1356423961549997,0.0409263670444488,-0.0118280630558729,0.2044821083545684
1.6640742187499993,0.0540612240007147,-0.010519494318217,-0.0567979920208454,0.0462692007422447,-0.0138850882649421,0.2097959071397781
1.674039550781249,0.014896357695572,-0.005074526785314,0.0314817644566297,0.0419498793780803,-0.0057082395069301,0.2098574936389923
1.6840036621093746,-0.0071013199051842,0.02518675596565,0.0584516044467687,0.0356112904846668,0.0080999843776226,0.2062563896179199
1.6939682617187493,-0.0205098136631771,0.0535562336206436,0.0416290644615888,0.0317135043442249,0.0167966373264789,0.2011753022670745
1.7039323730468747,-0.0613815204188227,0.0762672471225261,0.0201560683220624,0.0348749421536922,0.0224305540323257,0.1988034844398498
1.7138974609374995,-0.0989173972826451,0.0992917104877531,-0.0296533799856901,0.0366344004869461,0.0170032195746898,0.1930055022239685
1.7238610839843749,-0.1496576601671055,0.1062871223330497,-0.0447919124066829,0.0385577343404293,0.0119392182677984,0.1802305877208709
1.7338261718749997,-0.1965666743256151,0.1101791613355279,-0.0256137492060661,0.0367853380739688,0.0117061855271458,0.1645286083221435
1.7437905273437493,-0.2014189001297578,0.1233493162930011,0.0020984335839748,0.0351152718067169,0.0164958797395229,0.1497222334146499
1.75375537109375,-0.2018095434151589,0.18336261709854,0.0108779523670673,0.0255146287381649,0.012984799221158,0.129864826798439
1.7637204589843747,-0.2093159735225141,0.2679480491027236,-0.0118213706970214,0.0117018762975931,0.0116923674941062,0.1053919643163681
1.7736843261718742,-0.1867193801805377,0.2926569584235549,0.0327484233915805,3.09427268803e-05,0.0191495399922132,0.0811008289456367
1.7836491699218748,-0.1901413174532353,0.2827133642971515,0.0663514177858829,-0.0154042057693004,0.0179151650518178,0.0597079247236251
1.7936132812499994,-0.2026733571702614,0.2603451728835702,0.0455523753851652,-0.0266422443091869,0.0212427116930484,0.0425020009279251
1.8035786132812492,-0.2087085456812754,0.1480193549081683,0.0655441930562257,-0.0396789498627185,0.0260036438703537,0.0222414713352918
1.8135422363281246,-0.2213808341192081,0.0540150833040475,0.112351536938548,-0.049409482628107,0.0296346321702003,0.0016431570984423
1.8235073242187494,-0.2351028142731636,-0.0107065413229167,0.1483738674342632,-0.0600980781018734,0.04124042019248,-0.0183619745075702
1.8334714355468749,-0.2175863372070714,-0.0076075523942708,0.1580921283721924,-0.0715982019901275,0.0430257767438888,-0.0354197137057781
1.8434362792968746,-0.188979141806066,-0.0062009004667401,0.1169242516815662,-0.0749109089374542,0.0373364649713039,-0.0472175143659114
1.8534003906249992,-0.1461698180513456,-0.0301046308845281,0.0538467409998178,-0.0778523012995719,0.0321875177323818,-0.0617962107062339
1.8633652343749998,-0.1049710712984204,-0.042737464094907,0.0026432079851627,-0.0811468958854675,0.0258177667856216,-0.0870568230748176
1.8733293457031244,-0.141157140988484,0.0386366046473383,0.0046703298985958,-0.0873690471053123,0.0211875569075346,-0.0958225131034851
1.8832944335937492,-0.0944676147995516,0.0307879369735717,0.0581821398556232,-0.1020470559597015,0.0238834749907255,-0.1047582179307937
1.8932595214843748,-0.071752765372768,0.021667641928792,0.0950870984047651,-0.1076472923159599,0.0387591496109962,-0.1160943806171417
1.9032233886718743,-0.0343539223594591,-0.0086202365681529,0.0910574044972658,-0.1118018180131912,0.0433344580233097,-0.1201130971312522
1.913188232421875,0.0076905179699882,-0.0747168028101325,0.0245645324140787,-0.1057604849338531,0.0395171754062175,-0.1246487349271774
1.9231523437499995,0.0286446413345634,-0.1179514027722179,-0.0274327813267707,-0.0895492881536483,0.0262122917920351,-0.1226758509874343
1.9331174316406243,0.0598546031124889,-0.1689142588987946,-0.0459580335766077,-0.0800054892897605,0.0199997499585151,-0.1197085529565811
1.9430815429687498,0.0840078513119369,-0.2057201409876346,-0.0400794969320297,-0.0723435804247856,0.0161544121801853,-0.1184499412775039
1.9530463867187495,0.0865943606738001,-0.1830418607115745,-0.0095113401889801,-0.0627388879656791,0.019031424075365,-0.1134450584650039
1.963010498046874,0.0850441720897331,-0.1668802688531577,0.0196060332238674,-0.0636379718780517,0.0184559151530265,-0.1038608774542808
1.9729753417968747,0.0952735974201932,-0.1513913155592978,0.0290934080153703,-0.0597384832799434,0.02705136872828,-0.0977689325809478
1.9829404296874995,0.1001375867273658,-0.1495797360926866,0.0318885916918516,-0.0526283755898475,0.0257400292903184,-0.0885330885648727
1.992904296875,0.1201314502250403,-0.2003570065192878,-0.0132294839292764,-0.0417964123189449,0.0338249132037162,-0.0751389041543006
2.0028693847656247,0.1171712487125769,-0.181006263230741,-0.0486550175756216,-0.0313253961503505,0.0273126866668462,-0.0652079805731773
2.0128334960937493,0.0954084027810022,-0.1610427948713302,-0.0855874486535787,-0.0219201315194368,0.0245027150958776,-0.0562986880540847
2.02279833984375,0.0684072908697649,-0.1102513497889041,-0.1295890874654054,-0.0086448062211275,0.0194347202777862,-0.0449275262653827
2.0327622070312494,0.0560841081304475,-0.0681201810240745,-0.1648690751612186,-0.0038540908135473,0.01512102317065,-0.0307541918009519
2.042727294921874,0.0953548459628596,-0.0584434211403131,-0.1648755049020052,-0.0018319524824619,0.0057035535573959,-0.0148484632372856
2.0526914062499997,0.119730029817298,-0.0680298723921179,-0.1084638818502426,-0.0003157700411975,0.0036813230253756,-0.0056546884588897
2.0626562499999994,0.1320724287137389,-0.099927962564677,-0.0394312621563673,0.0092031676322221,0.0068259835243225,0.0071452623233199
2.072620361328125,0.1376201625013723,-0.1369042327843606,-0.0352992769181728,0.0276190377771854,0.0151807432994246,0.0164794325828552
2.0825854492187497,0.1026735349457711,-0.1349357091903686,-0.0711515115439891,0.0441516749560833,0.0113228885456919,0.0271677635610103
2.0925502929687494,0.1119054371388629,-0.1176866143561899,-0.113513566455245,0.0564646273851394,0.0018754049669951,0.0387701131403446
2.102514404296875,0.121462552698329,-0.0834394768394529,-0.0804290429770946,0.0621667206287384,-0.0072294096462428,0.0437720604240894
2.1124794921874996,0.1155120833287015,-0.051892830453068,0.0119540571659803,0.0555848702788353,-0.0070612346753478,0.042099479585886
2.122443115234374,0.0738615376876667,-0.0423633700855076,0.1417436356395482,0.0417031459510326,0.0111380089074373,0.0413079895079135
2.132408447265625,0.0552222671367228,-0.0868666748091578,0.263458044207096,0.0279948450624942,0.0292809847742319,0.0424810647964477
2.1423725585937494,0.0397836192579939,-0.1216883973434567,0.2801432215481996,0.0141181778162717,0.0457345247268676,0.0450981557369232
2.152337402343749,0.0285683612279593,-0.1236142508395016,0.2259048508822917,0.0029390840791165,0.0541684366762638,0.0380766242742538
2.1623015136718746,0.0054222807770594,-0.1085322709113359,0.154139006832242,-0.0036644898355007,0.0509055331349372,0.0378286838531494
2.1722663574218743,0.0131572224106639,-0.0994413480915129,0.1139063651651143,-0.0103930607438087,0.0527009777724742,0.0401815064251422
2.182231201171875,0.0023197481844574,-0.045158261501044,0.0710661713480949,-0.0156983435153961,0.0536080487072467,0.0404608696699142
2.1921953124999995,-0.0006765840873122,-0.0033858430460095,0.0637725072085857,-0.0201086476445198,0.0524613559246063,0.0387093760073185
2.2021604003906243,-0.0033414559150114,0.0088312489703297,0.045526656422019,-0.0283950734883546,0.0536869429051876,0.0379588976502418
2.2121242675781247,-0.0150105951923877,-0.0185930567890405,0.0653904637992382,-0.0320937186479568,0.0541938580572605,0.0415128171443939
2.2220893554687495,-0.0295492254914715,-0.0016429449014365,0.0688555095613002,-0.0369137749075889,0.0524241849780082,0.0432798191905021
2.232053466796874,-0.0751982296515256,0.0075425243340432,0.0567068066060543,-0.0417335629463195,0.0475284755229949,0.0492379069328308
2.2420183105468747,-0.0802283327732235,0.0162308577023446,0.0955243207782506,-0.0484764203429222,0.0545823909342289,0.0557741038501262
2.2519821777343743,-0.0827181768275797,0.036551176675409,0.0980553005605936,-0.0527554750442504,0.0544723384082317,0.0652064234018325
2.261947265625,-0.0854622148387134,0.0139662737712264,0.0979635306239128,-0.0541043691337108,0.0561594516038894,0.0671105831861496
2.2719113769531245,-0.0806853192931041,-0.0200188518084585,0.0790121619164943,-0.0572579279541969,0.054770965129137,0.0659047067165374
2.2818764648437493,-0.0906361834105104,-0.0493619968011975,0.0482213023334741,-0.05118964985013,0.0502696894109249,0.0671918094158172
2.291841552734375,-0.090522384305112,0.0037343642227351,0.0368102660030126,-0.0471301265060901,0.0442253649234771,0.0746183469891548
2.3018051757812494,-0.0902343611439689,0.1483323663800954,0.0300385799109935,-0.0448456667363643,0.0360214933753013,0.0774194598197937
2.311770263671874,-0.0704868005575612,0.2234371455945074,0.0094464582592248,-0.0554808229207992,0.0398534350097179,0.0774282291531562
2.3217343749999997,-0.0482056298403069,0.15020751260221,0.0007692308068275,-0.0598002038896083,0.0524539165198802,0.0766753554344177
2.3316994628906245,-0.0363275605199858,0.0016720248654484,0.0193266317605972,-0.0475688613951206,0.0522318519651889,0.0806523710489273
2.341663330078125,-0.040338147868216,-0.1825325960151851,0.0276028771966695,-0.0259059108793735,0.0387799590826034,0.0811056420207023
2.3516289062499998,-0.0321030381601303,-0.3277880391679704,0.0264706582963466,-0.0028680516406893,0.0295460447669029,0.0805715024471283
2.3615927734374993,-0.0580169393565505,-0.368010305571556,0.006409867042303,0.0214966759085655,0.0239946860820055,0.073323979973793
2.371558105468749,-0.0878297111550346,-0.3412815808609127,-0.0293190334647893,0.0319905057549476,0.0098688891157507,0.0627297535538673
2.3815229492187497,-0.1445063418185338,-0.2176353274479508,-0.0281207635909318,0.0381173752248287,-0.0026735342107713,0.0449028238654136
2.3914868164062493,-0.2311192245297133,-0.062135407526046,0.0148088620752096,0.0402406677603721,-0.0101521303877234,0.035425953567028
2.401451904296875,-0.2368472102550789,0.0536193619847297,0.0053846156477928,0.0350578874349594,-0.0053083728998899,0.0315774194896221
2.4114160156249995,-0.180434418159537,0.1631548185892403,-0.048853755018115,0.0282918605953454,-0.0054902452975511,0.0298843868076801
2.4213808593749993,-0.0491558432372286,0.1768937133453786,-0.0724807143211364,0.0273616183549165,-0.0053419070318341,0.0283613260835409
2.4313449707031247,0.0381692793965339,0.1241581484578549,-0.0751519793570041,0.0316979549825191,-0.0175451468676328,0.0186701230704784
2.4413100585937495,0.0437705334696918,0.018932517876476,-0.0845844090908765,0.0337517857551574,-0.0203491896390914,0.0097192376852035
2.45127392578125,-0.0107028880611062,-0.0831274882808327,-0.032536826467514,0.039559680968523,-0.0297978371381759,0.003792688017711
2.4612390136718747,-0.0785732590425759,-0.1261580901034176,0.0291378316789865,0.0426707863807678,-0.0260137505829334,0.0012941104359924
2.4712031249999993,-0.1271587185133248,-0.0886683174036443,0.052464346730709,0.0443294793367385,-0.0249594245105981,0.0034425335470587
2.481167724609375,-0.1328361430952325,-0.0279543209828436,0.0434697238922119,0.0389704033732414,-0.0227500665932893,0.0026055020280182
2.4911318359374994,-0.100082897398062,0.0062926704034209,0.0455061981558799,0.0348624140024185,-0.0243715457618236,0.0078888684511184
2.5010971679687493,-0.0456020597457885,0.0163425013832747,0.0435474653035402,0.0349449701607227,-0.0221246369183063,0.0091770393773913
2.51106201171875,-0.0170276706358417,-0.021743922035396,0.0176630824625492,0.033513393253088,-0.0257563591003417,0.0089670922607183
2.5210261230468745,-0.0176229331152513,-0.065825348085165,-0.0077829089611768,0.0361973233520984,-0.0278671793639659,0.0088954530656337
2.530990966796874,-0.0149538235038518,-0.0971555752418935,0.0056570028483867,0.0337473936378955,-0.0314055792987346,0.011315569281578
2.5409548339843746,-0.0219905537402257,-0.0997743794381618,0.0226291804373264,0.0253768116235733,-0.0313531160354614,0.0089546758681535
2.5509199218749994,-0.0374834890894591,-0.1137144958548247,0.0891208834767341,0.0182051267474889,-0.024602934718132,0.0111465752124786
2.560884033203125,-0.053297509619221,-0.106441436111927,0.1279068334668874,0.0087122898548841,-0.0151460506021976,0.015162356197834
2.5708488769531246,-0.0707526484195143,-0.0949628875032067,0.0950713163137435,0.0048830355517566,-0.0135246776044368,0.0139869973063468
2.580812988281249,-0.0594504792910069,-0.0900122793585062,0.0385690923690795,-0.0017812587320804,-0.015843492001295,0.0173295307904481
2.590778076171875,-0.046263154003024,-0.0836316384106874,0.0275736511021852,0.0002804505638778,-0.0174788516014814,0.0128703387454152
2.6007419433593744,-0.030911051896587,-0.0484944201864302,0.0065390463799238,0.001111623365432,-0.0256265271455049,0.0069408109411597
2.610706787109375,-0.0539901315258815,-0.0001329787299036,-0.0105097035765647,-0.004744732286781,-0.0262904595583677,0.0057687703520059
2.6206708984374996,-0.0688011855581775,0.0340931159988045,0.0300701440930366,-0.0201242212206125,-0.0221521742641925,0.0053855413571
2.6306357421874993,-0.0517864109365269,0.0190409466870129,0.0362292512446641,-0.0243992507457733,-0.0194219145923852,0.0054684001952409
2.640601074218749,-0.0569210338786244,-0.0115519061058759,0.0010679214924573,-0.0319205485284328,-0.0229231715202331,-0.0019455743022263
2.6505651855468746,-0.090069051047042,-0.0389779654309153,0.0023573767811059,-0.0362424366176128,-0.0249090045690536,-0.00235036900267
2.6605297851562493,-0.063701560864225,-0.0843267810679972,0.0562409426599741,-0.0413138978183269,-0.020446877926588,-0.0028776745311915
2.6704938964843747,-0.0649521819798275,-0.0255889070257544,0.0755243198007345,-0.0500443652272224,-0.0177478436380624,-0.0078727230429649
2.6804589843749995,-0.0982378540532663,0.0127970838613808,0.081800915852189,-0.0625513717532157,-0.0113658439368009,-0.0092546362429857
2.690423095703125,-0.0821478661263361,-0.0080975278683006,0.1010585740298032,-0.0650356039404869,-0.0075072268955409,-0.0105746742337942
2.7003879394531247,-0.0650564826045185,-0.0510775685474276,0.0683060589849948,-0.0569321364164352,-0.0084289461374282,-0.0105094276368618
2.7103520507812493,-0.0530483936963602,-0.0929423414610326,-0.031792730101943,-0.0458978600800037,-0.01469271723181,-0.0064096846617758
2.72031689453125,-0.0598394786085933,-0.0912767463363707,-0.0971370166718959,-0.0368886515498161,-0.0252606719732284,-0.0089841615408658
2.7302810058593745,-0.0489769795389846,-0.0651575318261981,-0.064564534369111,-0.0338958799839019,-0.0218374077230691,-0.0088005326688289
2.7402460937499993,-0.0358540977893397,-0.0095586864620447,-0.0104606037378311,-0.0381167232990264,-0.0190874282270669,-0.014476528391242
2.7502099609374997,-0.0497940680755302,0.011437924337387,0.0291653042078018,-0.0396144986152648,-0.0133782438933849,-0.0102106444537639
2.7601748046874994,-0.0164120960207656,-0.0012907704629004,0.0308943199574947,-0.0331829637289047,-0.0110250748693943,-0.0045580859296023
2.7701401367187493,-0.0019110943183302,-0.044469986975938,-0.0038403088152408,-0.0286601465195417,-0.0074246940203011,-0.0031528742983937
2.7801042480468747,-0.0037307474935427,-0.1101505197629332,-0.0281172564595937,-0.0148657727986574,-0.0115493983030319,-0.0035390332341194
2.7900688476562494,-0.0164569215431809,-0.1596767672151327,-0.0383306074380874,-0.0060994178056716,-0.0196679700165987,0.001103960443288
2.800032958984375,-0.028019970097579,-0.1562199047595262,-0.0172656075775623,0.0026717032305896,-0.0180021617561578,0.0006786538287997
2.8099978027343746,-0.063835708637908,-0.1164940435707569,0.0154915836423635,0.0082983020693063,-0.0124926278367638,-0.0001117386855185
2.819961914062499,-0.0826916541468352,-0.0869509920917451,0.0132867670744657,0.0122997015714645,-0.0133829228579998,-0.0042265891097486
2.82992724609375,-0.0889945902159437,-0.0649292760282754,-0.0195949273079633,0.0215045753866434,-0.0133160594850778,-0.0089628044515848
2.8398911132812494,-0.0858531869176775,-0.0250035083532333,-0.0588420650690793,0.0290799364447593,-0.0211798399686813,-0.012510934844613
2.849855957031249,-0.0519056168694049,0.0243598036222159,-0.0783715259253978,0.0289259497076272,-0.0235563125461339,-0.0099230222404003
2.8598200683593746,-0.0243696674291044,0.053220571925491,-0.0787327604532241,0.0274771880358457,-0.0287143234163522,-0.0103014577180147
2.8697851562499994,-0.0088295684698969,0.0161833652988076,-0.0311246215820312,0.0333703123033046,-0.0252052024006843,-0.0083263674750924
2.879748779296875,0.0044751361200585,-0.033851708458364,-0.0218739781558513,0.0365860797464847,-0.0288100577890872,-0.0147800063714385
2.8897138671874996,-0.035224823442474,-0.0559014815725386,-0.0024520693272352,0.0350081957876682,-0.0286485273391008,-0.0234939977526664
2.8996789550781243,-0.0658729135539382,-0.0842617530077695,0.071892100778222,0.0330276042222976,-0.0166014526039361,-0.0183261334896087
2.90964306640625,-0.0434632210861891,-0.1242179158210754,0.1130097085863351,0.0305549073964357,-0.0118549950420856,-0.0229214057326316
2.9196079101562495,-0.0431509767992421,-0.1243798283845186,0.07861001085639,0.0283655244857072,-0.016041750088334,-0.02641680277884
2.929572021484374,-0.0378762147340923,-0.0592440699987113,0.051280105382204,0.0278924647718668,-0.0231430474668741,-0.0261119250208139
2.9395368652343747,-0.0566147809410467,-0.0190372934252023,0.0072428107351064,0.0253552701324224,-0.0208335556089878,-0.0335804969072341
2.9495009765624993,-0.0787149690682068,-0.0393938527554273,0.0018535189121961,0.0175563506782054,-0.0113374106585979,-0.0391670688986778
2.9594658203125,-0.0657609410794451,-0.0222140237651765,0.0158387896448373,0.0148079674690961,-0.008208729326725,-0.0426145307719707
2.9694299316406245,-0.0549257684081792,0.0065010524570941,0.0302823255389928,0.0182810220867395,-0.0164673831313848,-0.0435431376099586
2.9793950195312493,-0.044465456931293,-0.037049189325422,0.0693050068944692,0.0269690509885549,-0.0123043302446603,-0.0429090373218059
2.9893591308593748,-0.0279436169257387,-0.1172682428136467,0.0716863490730524,0.0304313972592353,-0.0057371743023395,-0.0454392470419406
2.9993239746093745,-0.0272743028294295,-0.1231960254274308,0.051554246148467,0.0302202068269252,-0.0054000178351998,-0.0509099140763282
3.009287841796875,-0.0252890838289633,-0.0632350393310189,0.0105301618427038,0.0279413424432277,-0.0136126736178994,-0.0553193092346191
3.0192529296874997,-0.0354985988825559,-0.0181210553631186,-0.0406406379461288,0.0310772135853767,-0.0197539217770099,-0.0596922226250171
3.0292180175781245,-0.0679125296227634,0.037718759150058,-0.0364408481687307,0.0312375742942094,-0.0231650955975055,-0.061764121055603
3.03918212890625,-0.0720796227069571,0.0901889510996639,0.0012970540732145,0.0247807372361421,-0.0129382889717817,-0.0587837770581245
3.0491469726562497,-0.0422816831514239,0.076878218627721,0.0309691387593746,0.0273488517850637,-0.0090147200971841,-0.0596597492694854
3.059110839843749,0.0192761802149936,0.0594990676730871,0.0372433967232704,0.0308788698166608,-0.0112341977655887,-0.0605226159095764
3.069075927734375,0.0540558537058532,0.0033558862991631,0.0351595761865377,0.0300178695470094,-0.019575485959649,-0.0655229613184928
3.0790400390624995,0.0450341601973399,-0.0666340341195464,0.0582505289167165,0.0270886588841676,-0.0195816103368997,-0.0679826587438583
3.089004638671874,-0.0020883140487596,-0.1073474450409412,0.1371679982870817,0.0274720191955566,-0.0120377885177731,-0.0680361241102218
3.0989687499999996,-0.036298517088592,-0.1170678979359567,0.0824228471428155,0.0248820967972278,-0.0152586149051785,-0.0667756497859954
3.1089340820312494,-0.063320671787858,-0.1131856496751308,0.0394879607796668,0.0187309235334396,-0.024657854810357,-0.0631162822246551
3.118898193359375,-0.083943407773599,-0.0630539836756885,0.0563636922568082,0.0131398830562829,-0.0228293277323246,-0.0593963824212551
3.1288630371093746,-0.054138271292299,-0.0366125514738261,0.0622895751744508,0.0024980581365525,-0.0169965177774429,-0.0587307475507259
3.138826904296874,-0.0294167947508394,-0.0175366796039044,0.0493611200183629,-0.0068597574718296,-0.0142292259261012,-0.0618722103536129
3.1487919921875,-0.034125520431064,-0.0278539293482899,0.0413239440351724,-0.0098765157163143,-0.0173913538455963,-0.0601004622876644
3.1587558593749994,-0.025600195604749,-0.0325106691129505,0.0507873534291982,-0.0158326756209135,-0.0207860860973596,-0.0680345445871353
3.168721191406249,-0.0427181018073111,-0.042975218373537,0.0420084191679954,-0.0171750448644161,-0.0152716971933841,-0.0732244104146957
3.1786857910156248,-0.0824309573840349,-0.0264924317367374,0.0318932678669691,-0.0148828625679016,-0.01596225425601,-0.0828629285097122
3.1886499023437493,-0.1146169245872646,0.0166200031504035,-0.00876549025774,-0.0179597418755292,-0.0117973843589425,-0.0919539928436279
3.198614990234374,-0.1153440332854166,0.088436700604856,-0.0137771809399127,-0.0196897312998771,-0.0084119737148284,-0.0946062356233596
3.2085791015624996,-0.0823228208344429,0.1095635136552155,-0.0135480483591556,-0.0175521317869424,-0.0043703755363821,-0.1022497341036796
3.2185439453124993,-0.0690277243230491,0.0960517056532204,-0.0833212572872638,-0.0107245855033397,-0.012941226363182,-0.1086626276373863
3.2285078124999997,-0.059264053340815,0.0904629457354545,-0.1390589266002178,-0.0071377540007233,-0.0284968074411153,-0.1179036125540733
3.2384731445312496,-0.0809532495142892,0.0813809368744492,-0.088130703395605,0.0001214905641973,-0.0362466052174568,-0.1267575621604919
3.24843701171875,-0.0868715336473658,0.0248870423667132,0.0108025490432977,-0.0014009843580424,-0.0323251634836196,-0.1310062110424041
3.2584020996093748,-0.0946592649141326,-0.0252044377528131,0.0473527028053998,-0.0043893177062273,-0.0316447243094444,-0.1285806000232696
3.2683659667968743,-0.1051035385716706,0.0036886253848671,0.0434708929359912,-0.0163255035877227,-0.0358329303562641,-0.1335033327341079
3.278330810546875,-0.131532513150759,0.0237641758166253,0.0525362429231405,-0.0268708206713199,-0.0391360484063625,-0.1303893029689788
3.2882949218749995,-0.1098998329374939,-0.0414694899857044,0.0935778628855943,-0.029037969186902,-0.0309695824980735,-0.1210500672459602
3.2982602539062493,-0.0603928747076541,-0.1263219023630022,0.0159825820297002,-0.0174276530742645,-0.0400187373161315,-0.1135138496756553
3.3082238769531247,-0.0626986308993771,-0.1666059819564223,-0.0900204626649618,-0.0039432873018085,-0.0557286627590656,-0.1103507503867149
3.3181889648437495,-0.0832043163767084,-0.1566952671863138,-0.0745762252956628,-0.0063065765425562,-0.0619665868580341,-0.1091696321964263
3.3281540527343743,-0.1220767025412991,-0.1186639349557459,0.0531055672436952,-0.0033500022254884,-0.0484042130410671,-0.1084512397646904
3.3381179199218747,-0.1653022789467126,-0.0452035619474947,0.0980927099615335,-0.0022927271202206,-0.0426003858447074,-0.1027464866638183
3.348081542968749,-0.1213189429765567,-0.0424039943568408,-0.0041986207336187,-0.0009055417031049,-0.0450304374098777,-0.1060925051569938
3.3580456542968746,-0.1186514773329719,-0.0320813377849757,0.0035240824729204,-0.0038355514407157,-0.0436511859297752,-0.1108401268720626
3.3680109863281245,-0.1018011360254138,-0.0037511692270636,0.0366284796953201,0.0031967372633516,-0.037774384021759,-0.1172327399253845
3.377974853515625,-0.0766529950371012,0.0268479671761393,-0.0017845453292131,0.0082559455186128,-0.0303340423852205,-0.111077107489109
3.3879396972656246,0.0151193527964875,-0.0201529995821416,-0.0296750072956085,0.0125265000388026,-0.0326646231114864,-0.1161737516522407
3.397903808593749,0.0264380712009966,-0.0144990654736757,-0.0540232666105032,0.0158796869218349,-0.0340529270470142,-0.1254711151123047
3.40786865234375,-0.0011351049771532,-0.0470579576425254,-0.0437514634430408,0.0196889620274305,-0.0330815874040126,-0.1311518996953964
3.4178327636718744,-0.018540194090642,-0.0986687562838196,0.0087964699178934,0.0234003439545631,-0.0228875391185283,-0.1403978615999221
3.427797607421874,-0.0360137818630784,-0.1311461076490581,0.0103361005753278,0.0322050675749778,-0.0243000108748674,-0.1452364921569824
3.4377617187499996,-0.030901005426608,-0.1079272907555103,-0.0413999318808317,0.0433868803083896,-0.0318878926336765,-0.1550492048263549
3.4477268066406244,-0.0405771442558616,-0.0269286311969161,-0.1083569143444299,0.0497091189026832,-0.0440789572894573,-0.1675335466861724
3.45769091796875,-0.0542549930071458,0.0438878031738102,-0.103528179013729,0.0502007380127906,-0.0462757982313632,-0.1790956556797027
3.4676560058593746,-0.0351847471604123,0.0617480156436562,-0.0405085359990596,0.0495528429746627,-0.042474128305912,-0.1858870089054107
3.47761962890625,-0.0371069839272648,0.0357378144659101,-0.0053863692134618,0.0440888404846191,-0.0341568104922771,-0.2059621810913086
3.4875847167968748,-0.0705592447392642,-0.0201974232457578,0.0611708002775907,0.0391778014600276,-0.0267686937004327,-0.2145106047391891
3.4975488281249993,-0.0696866996884345,-0.0684805387690663,0.0575958644002676,0.0374664552509784,-0.0251814499497413,-0.2143175154924392
3.507513916015624,-0.0362054319776594,-0.1077763379774987,0.0405687417536973,0.0392249375581741,-0.0337421260774135,-0.2178029865026474
3.5174777832031245,-0.0364027811806648,-0.1213344693392515,-0.0057967035800218,0.0447957403957843,-0.0352508053183555,-0.2211588472127914
3.5274428710937493,-0.0325045681657269,-0.098154230890423,-0.0166314013272523,0.0475700795650482,-0.0430347919464111,-0.2154044806957245
3.53740771484375,0.0052554728427901,-0.0412467871457338,-0.0698287385076284,0.0510249957442283,-0.0568499378859996,-0.2106288969516754
3.5473718261718745,0.0358486909618601,-0.0191512751936912,-0.0750976188212633,0.0499594062566757,-0.0675575584173202,-0.2060282230377197
3.5573366699218743,0.0463787432067096,-0.0489189292088151,-0.0130097036987543,0.048411838710308,-0.0625249817967414,-0.1989378184080124
3.5673005371093747,0.051173722398281,-0.0801766756512224,0.0612584785610437,0.0375420525670051,-0.0523183904588222,-0.1954507380723953
3.5772658691406245,0.051128312353976,-0.0946051601067185,0.0484399135202169,0.0298694856464862,-0.0469486564397811,-0.1877917498350143
3.58722998046875,0.0452838241094723,-0.1221409634165465,0.1110766946971416,0.0311097018420696,-0.0490421578288078,-0.1827691197395324
3.5971948242187497,-0.0029245822098106,-0.1436563373930752,0.1577227105379104,0.0269413217902183,-0.0463979057967662,-0.1804628223180771
3.6071586914062492,-0.0257844661304727,-0.1493202083736658,0.1729138499289751,0.0137997437268495,-0.0363290719687938,-0.1764452904462814
3.617123779296875,0.0153310227857902,-0.1384777657113969,0.15956979970932,0.0051223672926425,-0.0212582424283027,-0.1697226613759994
3.6270878906249995,0.0718465080708265,-0.1564085591994226,0.1117693531364202,-0.0062914658337831,-0.016933649778366,-0.1696757376194
3.637052734374999,0.0464169563252478,-0.1754756632409989,0.0283165784239768,-0.00700039928779,-0.0136164166033267,-0.172141283750534
3.6470168457031247,-0.0156278503078967,-0.1720516801416874,0.0237485398560762,0.0071296961978077,-0.0115062035620212,-0.1595818549394607
3.6569816894531244,-0.0078892919450998,-0.0692870328463614,-0.0081955814152956,0.0088618164882063,-0.0204064883291721,-0.1442867815494537
3.66694580078125,0.0369970938120037,0.0423702382177114,-0.0671738400846719,0.0070701502263545,-0.0353742279112339,-0.141110822558403
3.6769108886718747,0.0730706065056845,0.0562817130617797,-0.0126952309221029,0.0064283283427357,-0.0331329107284545,-0.143111914396286
3.686874755859374,0.0877355665981769,0.0287235517896711,0.0418558589547872,0.0158081389963626,-0.0267410818487405,-0.1444796025753021
3.696839599609375,0.0846229144703596,0.012212854232639,-0.0257137024492025,0.0236330367624759,-0.0315773859620094,-0.1448745429515838
3.7068037109374994,0.089812592067942,-0.0194084648251533,-0.1308802963197231,0.0260132271796464,-0.0458928607404232,-0.1434852033853531
3.716768798828124,0.065948389942944,-0.0738458651944994,-0.0609971972763538,0.0283099357038736,-0.0422725602984428,-0.1452756524085998
3.7267326660156246,0.0204969907142221,-0.1215909283183515,0.0597983428806066,0.031613677740097,-0.028182927519083,-0.1482042670249939
3.7366977539062494,-0.0206941937867552,-0.140244629253447,0.058089200875163,0.0330840088427066,-0.0262127202004194,-0.1482838988304138
3.746661865234375,-0.0439101246034726,-0.1160411852367222,0.0292997442424297,0.0311863496899604,-0.0232513155788183,-0.1513573825359344
3.7566267089843746,-0.0390435414804145,-0.1095658517427742,0.0733323627144098,0.0244016796350479,-0.0116194272413849,-0.1519566029310226
3.766590576171875,-0.0038986514063552,-0.1202848141558468,0.1383481479823589,0.0220771729946136,-0.0023554819636046,-0.1500190645456314
3.7765556640624998,0.0208965114258229,-0.0902910962998867,0.0772813926011323,0.0302213840186595,-0.0078144297003746,-0.1440871357917785
3.7865197753906243,0.0889350055158138,-0.071940616095066,-0.0760030432283878,0.0329253934323787,-0.0262545142322778,-0.1428564190864563
3.796484863281249,0.123750955896452,-0.0672740855887532,-0.1101934821218252,0.0362088046967983,-0.0332466438412666,-0.1475675553083419
3.8064489746093746,0.1074673816261813,-0.0548763763085007,-0.0246615630477666,0.0362377800047397,-0.0301173813641071,-0.1507563292980194
3.8164135742187493,0.056949675451219,-0.0386078169442713,0.0248024328231811,0.0313562043011188,-0.017495596781373,-0.1467360258102417
3.8263776855468747,0.0651439051596447,-0.0435610554374754,0.0014431845456361,0.0241117253899574,-0.0165447201579809,-0.1495189070701599
3.8363427734374995,0.0601166515821591,-0.0362976403057575,0.0110316816240549,0.0173736605793237,-0.0147433578968048,-0.150372177362442
3.846306884765625,0.041962862993218,-0.0329411694847047,0.0686836601257324,0.0132253086194396,-0.0038979959208518,-0.1520398408174514
3.8562717285156247,0.0684072908697649,-0.0563983251787722,0.0784381614208221,0.0170842297375202,-0.0043845558539032,-0.151140496134758
3.8662358398437493,0.0834734156416729,-0.0886141029983758,0.0173842655211687,0.0199713073670864,-0.0078455042093992,-0.1453515887260437
3.87620068359375,0.0893267447797581,-0.1282968556977808,0.009315525355935,0.0323624610900878,-0.0093824137002229,-0.1439877897500991
3.8861657714843747,0.0828453103385865,-0.142077982160449,-0.0037333413094282,0.0410434529185295,-0.0098584499210119,-0.1387524008750915
3.8961296386718742,0.090538677852787,-0.1225058512061834,-0.0087736735641956,0.0419601127505302,-0.0142180435359478,-0.1320758461952209
3.906094482421875,0.0853833043836057,-0.1114906823255121,0.0258218389987945,0.0399243421852588,-0.0093277972191572,-0.1331767290830612
3.9160585937499994,0.0696156802788376,-0.1142450956001877,0.0603495470225811,0.0343351662158966,-0.0036499381531029,-0.1337330639362335
3.9260239257812493,0.0541734522035345,-0.0842101689510047,0.1028641621470451,0.0285038687288761,0.005108174867928,-0.1272313892841339
3.9359880371093747,0.073610047144629,-0.0731977765493094,0.0791594614326953,0.0233192294836044,0.0092275524511933,-0.1201172769069671
3.9459526367187494,0.1013528077360242,-0.003339227425307,0.0356453138768672,0.0196030400693416,-0.0005644101183861,-0.1113379970192909
3.955916748046875,0.1252611047310754,0.0320782690450549,-0.0270469968795776,0.0151656819507479,-0.0056166937574744,-0.1035426557064056
3.9658818359374997,0.140206489200145,-0.0296269303701817,-0.0412286669671535,0.0150950085371732,-0.0071741314604878,-0.0916374772787094
3.975845703124999,0.134787861684896,-0.1040524951487779,0.0022924948513507,0.0226884800940752,-0.0025684607680886,-0.0856237933039665
3.985810791015625,0.1059661467503756,-0.1675324491515755,0.0483358686238527,0.0301557667553424,0.0013969970168545,-0.0746265575289726
3.9957749023437494,0.0962109148029237,-0.1815348171494901,0.031861703684926,0.0348924659192562,0.0008712890557944,-0.0662178918719291
4.005739746093749,0.0905608166193589,-0.1842683337666094,0.0077051675498485,0.0365699902176857,-0.0020059901289641,-0.0604737214744091
4.015703857421874,0.0808930072270333,-0.1845008273482322,0.0621726707965135,0.038886409252882,0.0030260526109486,-0.0564265139400959
4.025668701171874,0.0514569597864523,-0.0917399799339473,0.0717266810834407,0.0411388203501701,-0.0038450327701866,-0.0477586314082145
4.035632568359375,0.0798172312216833,0.0017725626304745,0.0034101007044315,0.0319791436195373,-0.0051502482965588,-0.0390538237988948
4.045597656249999,0.1056120360830798,0.0144515730701386,0.0247211842805147,0.0120317991822958,-0.0019398070871829,-0.0423620045185089
4.055561767578125,0.082114548378624,-0.012049626494944,0.1274690265715122,0.0062702130526304,0.0144661488011479,-0.0422770380973815
4.06552685546875,0.0566327184565365,0.000631137510389,0.1125309851586818,0.0010980516672134,0.0202541425824165,-0.0327843949198722
4.07549072265625,0.0846225856767967,-0.0098243516609072,0.0053571431189775,-0.0040650190785527,0.0098446449264884,-0.0269408877938985
4.085455810546874,0.1347389445092529,-0.0676112085886299,-0.0091711484491825,-0.0006674360483884,0.0036573694087564,-0.0195850748568773
4.095419921874999,0.1277032737188041,-0.1118707676842808,0.0113800566703081,0.0064956685528159,0.0062827137298882,-0.0104602873325347
4.105384765624999,0.1209241349726915,-0.1362673961855471,-0.0062649056136608,0.0075765512883663,0.0014197586569935,-0.0050883730873465
4.1153486328125,0.0763758951287716,-0.1408013863533735,0.016816694766283,0.0050553362816572,-0.0001208800822496,-0.0025943228974938
4.125313720703124,0.0550493582552298,-0.1356895962975919,0.1153928043305873,-0.0019369209185242,0.0134419426321983,-0.0018620728515088
4.1352778320312495,0.042215522580035,-0.1116566865421831,0.1355962189257145,-0.0071492600254714,0.013613449409604,0.0013813911937177
4.145242919921875,0.0076970938412472,-0.0422669239737093,0.0704775578051805,-0.0148130888119339,0.0121907778084278,0.0059713749215006
4.155206787109375,0.0518165503464639,-0.0131254390329122,0.0339800110131502,-0.0245152506977319,0.0136589789763093,0.0028789124917238
4.1651716308593745,0.0420554731801152,0.0242504980288445,0.0960387000411748,-0.0412900075316429,0.0152793936431407,0.0009657652117311
4.1751357421875,0.0364129737811163,-0.0136314888589084,0.1157324115484952,-0.0441987141966819,0.0207929350435733,0.0088479230180382
4.185100830078124,0.0601914703840389,-0.1114161557845771,0.061560091856122,-0.0436593182384967,0.0214216224849224,0.0130035104230046
4.195064453124999,0.069829980616644,-0.1694357985548674,-0.0242494751155376,-0.0384227484464645,0.0111277066171169,0.0139076542109251
4.205028564453125,0.0791577078670263,-0.1776439471907913,-0.0692091453045606,-0.0260164104402065,0.0007395141292363,0.0235877111554145
4.2149938964843745,0.076194072288461,-0.116114250472933,-0.0641401714771986,-0.0047121876850724,-0.0154844634234905,0.0299950111657381
4.224958740234374,0.062991111039929,-0.0908877470187842,-0.0928349355638027,-0.0109079647809267,-0.0205832887440919,0.0389821752905845
4.234922607421874,0.0859866040389984,-0.1390675482980906,0.0121773445278406,-0.0122264958918094,-0.0118142990395426,0.0252607688307762
4.244886718749999,0.0206009990779682,-0.1215264847800135,0.1191185468554496,-0.0268322564661502,-0.0097482465207576,0.025132268667221
4.254851806640625,0.0232017926935106,-0.1852900780297815,0.112732060688734,-0.0364883467555046,-0.0138340685516595,0.0232331678271293
4.264815673828124,-0.0135057801200076,-0.1414528359994292,0.1199473988950252,-0.0443408228456974,-0.0121664302423596,0.0173111744225025
4.274781005859374,-0.0600988967297598,-0.1156454639174044,0.0929582696825265,-0.0426883324980735,-0.0112492376938462,0.0141537301242351
4.284744873046874,-0.0989919968888163,-0.1050270392693579,0.0230874455988407,-0.0367723293602466,-0.0164030846208333,0.0205940697342157
4.294709716796875,-0.0308163228178396,-0.0637456192016601,-0.0301326879352331,-0.0082272365689277,-0.0257909931242465,0.0265568867325782
4.304673828124999,0.0239250289341434,0.1540549818105995,-0.2144429611474275,-0.0028300071135163,-0.0511993505060672,0.0323892720043659
4.314638916015625,0.1252534328812733,0.2330927165597677,-0.3053969052702188,-0.0100719407200813,-0.0498190373182296,0.0291069243103265
4.324602783203124,0.103783943873085,0.3021222675137222,-0.0687163933515548,-0.0304582640528678,-0.0271494332700967,0.03803576156497
4.334567626953124,0.1166342557590454,0.2194508524373173,0.1019850412249565,-0.0462779738008976,0.0053752185776829,0.0456113889813423
4.344531738281249,0.0887876329343766,0.0521761774390935,0.1038274542212486,-0.0478339418768882,0.0192562397569417,0.0503215119242668
4.354497314453125,0.0309180296266451,-0.1401958216756582,0.038739772760868,-0.0425851196050643,0.0137384366244077,0.0657185763120651
4.364461181640625,0.0145436352677643,-0.3090449063837528,0.0383534037917852,-0.0382057353854179,0.0122248083353042,0.0813109949231147
4.37442626953125,0.0129950175862759,-0.3954159066304564,0.1290279464513063,-0.0356767997145652,0.0214875489473342,0.0876836702227592
4.38439013671875,-0.019810031363368,-0.3215295632950961,0.2015104143381118,-0.0340793505311012,0.0385937839746475,0.0890558436512947
4.39435546875,-0.0616569032941013,-0.1363759711265564,0.1090045645982027,-0.0348830893635749,0.0404188483953475,0.0934159755706787
4.404319335937499,-0.0341394393585622,-0.0369786083072423,-0.0576747748553752,-0.0354393646121025,0.0333560444414615,0.0934740453958511
4.414284179687499,0.0087817472727969,0.0150448627881705,-0.0869464620471,-0.0363315269351005,0.0329304747283458,0.1002797558903694
4.4242482910156244,0.0799930992452427,-0.0072103697702288,-0.0315752879589796,-0.0315045267343521,0.0395414680242538,0.1089058890938758
4.43421337890625,0.1191364113057032,-0.0555054679922759,-0.030649405285716,-0.0248833782970905,0.0403313636779785,0.1140154302120208
4.44417724609375,0.0846701146129518,-0.1334343647167086,-0.0721820236355066,-0.0148804113268852,0.0290399696677923,0.1176270768046379
4.454142333984375,0.057675724703446,-0.1917557669125497,-0.0843786573857068,-0.0054677342996001,0.0178589541465044,0.1248961761593818
4.464106445312499,0.0418731388831511,-0.1618210857674479,-0.0288140065521001,-0.0068319123238325,0.0194745976477861,0.1241123601794242
4.474071289062499,-0.0033054347535595,-0.0497812451265752,0.0351642523616552,-0.0092404754832386,0.018181899562478,0.1232385784387588
4.484035400390624,-0.0422077045997604,0.0636425972186029,0.0490296961069107,-0.0257869604974985,0.0150265861302614,0.1114956364035606
4.494000244140624,-0.0509965392004698,0.0970605904348194,0.0744423697829246,-0.0475676208734512,0.0163118280470371,0.1126525104045867
4.503964355468749,-0.013809146980755,0.041070115404576,0.1426648421376943,-0.0602365508675575,0.0280039031058549,0.1106466203927993
4.513929199218749,0.0038974823625758,-0.0563072858944535,0.138987614929676,-0.063242457807064,0.0355283990502357,0.10703856498003
4.523893310546875,-0.0145485306385904,-0.1355788293994963,0.0598509498506784,-0.0601065680384635,0.0307537745684385,0.1060790717601776
4.5338583984375,-0.0305563201747834,-0.1762177137799561,0.0020031565159559,-0.0450202971696853,0.0215719938278198,0.1051070243120193
4.543822265625,-0.0306825038377195,-0.1640128967233002,-0.0327583602637052,-0.0421307049691677,0.0139738973230123,0.0999024212360382
4.553787353515624,-0.0732247376214712,-0.1126366374902427,0.0003752630531787,-0.0398347936570644,0.0137821491807699,0.0907256975769996
4.563751464843749,-0.0862580779241398,-0.0529233425445854,0.0308107333272695,-0.0406184047460556,0.0204797349870204,0.0921044945716857
4.573716064453125,-0.0663820686524733,0.0057417585223913,0.0463408954143524,-0.0513608008623123,0.0226763114333152,0.0920112803578376
4.58368017578125,-0.0410083387473598,0.0279150118857622,0.098940266701579,-0.0570225864648819,0.029437119141221,0.0881823375821113
4.5936455078125,-0.021462474745512,0.0007879355072975,0.1402045895040035,-0.0589073039591312,0.0329405069351196,0.085407055914402
4.603609619140624,-0.0341566827543079,-0.0372799293413758,0.1366769998997449,-0.0499408394098281,0.0342367067933082,0.0872280448675155
4.613574462890625,-0.0285265679128468,-0.0458555961154401,0.0766471863508224,-0.0478923395276069,0.0233220066875219,0.0888448506593704
4.623538330078125,0.0013987974146381,-0.1029033251136541,0.0028565584748983,-0.0434791520237922,0.0106122400611639,0.0902568772435188
4.6335031738281245,0.0099813323209062,-0.1542861602179706,0.0385848744601011,-0.0409755185246467,0.0025511181447654,0.0894938856363296
4.64346728515625,0.0059161287086084,-0.1465346693083644,0.0947708720624446,-0.0389005802571773,0.0034625432454049,0.0866881608963012
4.653432373046874,-0.0218824902558699,-0.1220787118352949,0.0656283642083406,-0.0380425117909908,-0.0045290701091289,0.0855368822813034
4.663396240234375,-0.0291749122863635,-0.1289161566399037,0.0029185177952051,-0.0469041988253593,-0.0177845768630504,0.0822701901197433
4.673360351562499,-0.0273900381635874,-0.1030351347997784,-0.0036357261538505,-0.0546465404331684,-0.0289011448621749,0.0742066726088523
4.6833254394531245,-0.0402806089947,-0.123716980561614,0.045438978138566,-0.0699050799012184,-0.0326055884361267,0.0654589608311653
4.69328955078125,-0.0647928997648879,-0.111834088935703,0.1201625029504299,-0.085693359375,-0.0279349368065595,0.0644592121243476
4.703254150390624,-0.0745695398265495,-0.0906282192997634,0.1331207687228918,-0.1077452674508094,-0.0276859793812036,0.065785713493824
4.713218261718749,-0.032171536819078,-0.0729943629316985,0.1439344236820936,-0.1175840497016906,-0.0271211229264736,0.0838981345295906
4.723183349609375,0.0554828543016687,-0.0211187758743762,0.0463876571655273,-0.1435366868972778,-0.0347771309316158,0.0869235023856163
4.7331474609375,0.0525044230127707,0.0095718382045626,0.0850830062627792,-0.1790962815284729,-0.0310982391238212,0.0828099846839904
4.7431123046875,0.0069636284675449,0.024977058737725,0.2272270393967628,-0.1929835379123687,-0.0100593641400337,0.0823716521263122
4.753076416015624,-0.0240727668417617,0.0238584299713373,0.1816717414021492,-0.1881491094827652,0.0055153341963887,0.074898287653923
4.7630415039062495,-0.0816810888648033,0.0368587813198566,0.0104740477412939,-0.190881609916687,0.0012986456276848,0.0640609338879585
4.773005371093749,-0.1172483690693974,-0.009334230056405,-0.0978390274614095,-0.1865971237421035,-0.0094016697257757,0.0589055866003036
4.782970214843749,-0.1092157231308519,-0.0736114719167351,-0.0807984608113765,-0.1666842997074127,-0.0104696471244096,0.0619241185486316
4.792934326171874,-0.0847309414220973,-0.1478866684392094,-0.123659112894535,-0.1512792408466339,-0.0090991836041212,0.0683732330799102
4.802899169921874,-0.0304971738660708,-0.1693658020585775,-0.153113170915842,-0.14176607131958,-0.0073426477611064,0.0695673823356628
4.812863525390625,-0.0117047951126471,-0.1044727663874626,-0.1692880606472492,-0.1243263632059097,-0.0090920776128768,0.0679660215973854
4.822828613281249,-0.0269131048342213,-0.0487121545903384,-0.1389636495321989,-0.0991982519626617,-0.010093355551362,0.0798014104366302
4.832792236328125,0.0109172614641487,0.0079267013460397,-0.0924403832882642,-0.0787046924233436,0.0015033795498311,0.0824882760643959
4.84275732421875,-0.0246725228331983,0.095680388122797,-0.1111409921050071,-0.0658132135868072,0.010233461856842,0.0697317942976951
4.852721435546874,-0.0759117482157424,0.1967940533407032,-0.130535428404808,-0.0533568151295185,0.0244661942124366,0.0674966052174568
4.862686279296874,-0.0539086272548884,0.1982468824975192,-0.1294248368144035,-0.049356423318386,0.0348687469959259,0.0535540059208869
4.872650146484375,-0.0886531198345124,0.1279911507494747,-0.0912608181148767,-0.0338919833302497,0.0459405742585659,0.0484809540212154
4.882615478515625,-0.1204568462545052,0.0323471491143107,-0.0529974306941032,-0.0088269142434,0.0570615343749523,0.05072982609272
4.8925795898437485,-0.1258457362186163,-0.0727760440059006,-0.0895130976647138,0.0153921395540237,0.0608935542404651,0.055389828979969
4.902544433593748,-0.0810581346608698,-0.131754302675277,-0.1374754568010568,0.0412901528179645,0.0585291162133216,0.0629412084817886
4.91250830078125,-0.0129090563358739,-0.129323130005598,-0.1336871704339981,0.0684189796447753,0.0480767413973808,0.0734748095273971
4.9224733886718735,0.0527363686051219,-0.1179550560340285,-0.147721541005373,0.1036725863814354,0.0410016737878322,0.0779162123799324
4.932437255859375,0.0716243532201275,-0.1166675004415214,-0.2025397573858499,0.1255741566419601,0.0207789614796638,0.0770373716950416
4.942401123046874,0.024604864424467,-0.0881445857904851,-0.196642516040802,0.1337015777826309,0.0120891779661178,0.0763851106166839
4.9523662109375,-0.0453942256813868,-0.0170410050414502,-0.0550163693010807,0.1282633990049362,0.0131009127944707,0.0789590552449226
4.962330322265624,-0.0901261149965226,0.0766715901397168,0.0752870039135217,0.1183798089623451,0.02153055742383,0.0822216346859932
4.972295410156249,-0.0898240633100271,0.1088759697824716,0.0658785395771265,0.0980151444673538,0.026233434677124,0.0809377282857894
4.982259521484375,-0.0592304067995399,0.0439214131824672,0.0660100570023059,0.0861534178256988,0.0272353496402502,0.0780043751001358
4.99222412109375,-0.069137541373074,-0.0540101148679852,0.1236240415811538,0.0730312168598175,0.0316524654626846,0.0690574795007705
